rule_id,name,conditions,escalation_level,target_department,min_urgency,min_priority,policy_id,policy_section,description
ESC-001,Safety category,"categories=SAFETY",specialist_team,PRODUCT_SAFETY,Critical,P0,SAF-POL,2.2,"Every safety complaint goes to the Product Safety specialist team"
ESC-002,Burning or melting (calm safety trap),"keywords_any=burning smell|smell of burning|smells like burning|burning plastic|melting|melted|scorch marks|scorched|too hot to touch|hot to the touch|sparks|sparking",specialist_team,PRODUCT_SAFETY,Critical,P0,SAF-POL,2.1,"Safety words force P0 even if the complaint is filed under another category"
ESC-003,Smoke or fire,"keywords_any=smoke|smoking|caught fire|on fire|flames|exploded|explosion",critical_management,PRODUCT_SAFETY,Critical,P0,SAF-POL,2.2,"Smoke or fire needs critical management attention"
ESC-004,Electric shock,"keywords_any=electric shock|got a shock|gave me a shock|shocked me|electrocuted|tingling|live wire|exposed wire|exposed wires",specialist_team,PRODUCT_SAFETY,Critical,P0,SAF-POL,2.1,"Any electric shock report"
ESC-005,Personal injury,"keywords_any=injured|injury|hurt myself|got hurt|hospital|ambulance|burned my|burnt my|doctor",critical_management,MANAGEMENT,Critical,P0,SAF-POL,2.3,"A person was hurt"
ESC-006,Child safety,"categories=SAFETY;keywords_any=child|children|kid|kids|baby|toddler",critical_management,MANAGEMENT,Critical,P0,SAF-POL,2.3,"Safety hazard involving a child"
ESC-007,Footage exposure,"subcategories=FOOTAGE_EXPOSURE",compliance_review,PRIVACY,Critical,P0,PRV-POL,4.1,"Camera footage exposed to others"
ESC-008,Privacy leak words,"keywords_any=data breach|data leak|my data was leaked|personal data exposed|footage leaked|footage exposed|someone else's footage|stranger's camera|other people's cameras|recordings are public",compliance_review,PRIVACY,Critical,P0,PRV-POL,4.1,"Privacy breach mentioned in any complaint"
ESC-009,Unauthorized account access,"subcategories=UNAUTHORIZED_ACCESS",compliance_review,ACCOUNT_SECURITY,Critical,P0,SEC-POL,3.1,"Someone else accessed the account"
ESC-010,Account takeover words,"keywords_any=hacked|someone logged into|someone logged in to|someone changed my password|unknown device|suspicious login",compliance_review,ACCOUNT_SECURITY,High,P1,SEC-POL,3.1,"Account takeover mentioned in any complaint"
ESC-011,Device acting on its own,"keywords_any=door unlocked by itself|unlocked by itself|lock opened by itself|camera turned on by itself|voice through the camera|someone talking through|intruder|break-in|burglary",critical_management,ACCOUNT_SECURITY,Critical,P0,SEC-POL,3.1,"Physical security of the home at risk"
ESC-012,Unauthorized order,"subcategories=UNAUTHORIZED_ORDER",supervisor,ACCOUNT_SECURITY,High,P1,SEC-POL,3.2,"Order placed without the customer's consent"
ESC-013,Legal threat,"keywords_any=lawyer|attorney|solicitor|legal action|take legal action|sue|suing|lawsuit|court|consumer court|small claims",department_manager,MANAGEMENT,High,P1,ESC-SOP,2.3,"Customer mentions legal action"
ESC-014,Regulator complaint,"keywords_any=regulator|consumer protection|ombudsman|trading standards|report you to|data protection authority|file a complaint with",department_manager,MANAGEMENT,High,P1,CPL-GDL,3.2,"Customer mentions a regulator"
ESC-015,Media or public threat,"keywords_any=social media|twitter|facebook|tiktok|journalist|newspaper|news channel|go viral|going viral",supervisor,CUSTOMER_RELATIONS,Medium,P2,CPL-GDL,3.3,"Reputational risk"
ESC-016,Third complaint,"min_previous_complaints=2",supervisor,CUSTOMER_RELATIONS,High,P1,ESC-SOP,2.4,"Customer complaining for the third time"
ESC-017,Fifth complaint,"min_previous_complaints=4",department_manager,MANAGEMENT,High,P1,CMP-POL,4.3,"Repeated failure to resolve"
ESC-018,Repeat wording,"keywords_any=third time|fourth time|fifth time|complained three times|complained multiple times|again and again",supervisor,CUSTOMER_RELATIONS,High,P1,ESC-SOP,2.4,"Customer says the complaint is repeated even if history is missing"
ESC-019,High-value dispute,"min_amount=500",department_manager,,High,P1,ESC-SOP,2.5,"Disputes over 500 USD"
ESC-020,Very high-value dispute,"min_amount=2000",critical_management,MANAGEMENT,High,P1,ESC-SOP,2.5,"Disputes over 2000 USD"
ESC-021,Business customer repeat,"customer_types=business;min_previous_complaints=1",supervisor,CUSTOMER_RELATIONS,Medium,P2,CMP-POL,3.2,"Business customer with an earlier complaint"
ESC-022,Premium customer repeat,"customer_types=premium;min_previous_complaints=1",supervisor,CUSTOMER_RELATIONS,Medium,P2,CMP-POL,4.1,"LumoraCare+ customer with an earlier complaint"
ESC-023,Chargeback,"keywords_any=chargeback|charge back|dispute with my bank|disputed the charge|bank dispute|card company|credit card company",department_manager,BILLING,High,P1,BIL-POL,5.1,"Customer has disputed or will dispute the payment"
ESC-024,Vulnerable customer,"keywords_any=elderly|disabled|disability|wheelchair|medical condition|medical equipment|oxygen|pregnant|vulnerable",supervisor,CUSTOMER_RELATIONS,High,P1,CPL-GDL,4.1,"Customer may be vulnerable"
ESC-025,No heating,"products=Smart Thermostat;keywords_any=no heat|no heating|freezing|too cold|heating stopped|heating not working",supervisor,TECH_SUPPORT,High,P1,CPL-GDL,4.1,"Thermostat failure leaving home without heat"
ESC-026,Locked out of home,"keywords_any=locked out of my home|locked out of my house|can't get into my house|cannot get into my house|can't open my door|cannot open my door|stuck outside",supervisor,ACCOUNT_SECURITY,High,P1,SEC-POL,2.2,"Customer cannot enter their home"
ESC-027,Serious staff misconduct,"keywords_any=threatened me|harassed|harassment|discriminated|discrimination|racist|sexist|assaulted|abusive",department_manager,CUSTOMER_RELATIONS,High,P1,CMP-POL,5.2,"Threats, harassment or discrimination by staff"
ESC-028,Theft or property damage,"keywords_any=technician stole|stole|theft|missing after the visit|damaged my wall|damaged my property|property damage|water leak|flooded",department_manager,INSTALLATION,High,P1,INS-POL,4.2,"Property damage or theft during a visit"
ESC-029,Installation electrical hazard,"categories=INSTALLATION;keywords_any=exposed wire|exposed wires|live wire|tripping the breaker|breaker keeps tripping|sparks",specialist_team,PRODUCT_SAFETY,Critical,P0,INS-POL,4.3,"Wiring hazard after installation"
ESC-030,Policy exception request,"keywords_any=make an exception|exception|goodwill|outside the return window|bend the rules",supervisor,,,,CMPN-GDL,2.3,"Customer asks for something outside policy"
ESC-031,Fraud,"keywords_any=fraud|fraudulent|scam|scammed|identity theft",compliance_review,ACCOUNT_SECURITY,High,P1,SEC-POL,3.2,"Possible fraud"
ESC-032,Overdue data deletion,"subcategories=DATA_DELETION_REQUEST;min_previous_complaints=1",compliance_review,PRIVACY,High,P1,DRT-POL,3.3,"Deletion request not completed"
ESC-033,Marketing after opt-out,"subcategories=UNWANTED_MARKETING;keywords_any=unsubscribed|already unsubscribed|opted out|asked you to stop",compliance_review,PRIVACY,Medium,P2,PRV-POL,5.2,"Marketing continued after opt-out"
ESC-034,Data rights request,"keywords_any=gdpr|data protection|right to be forgotten|subject access request",compliance_review,PRIVACY,Medium,P2,CPL-GDL,3.2,"Formal data-protection request"
ESC-035,Recall mention,"keywords_any=recall|recalled",specialist_team,PRODUCT_SAFETY,High,P1,SAF-POL,4.1,"Customer mentions a product recall"
