rule_id,category,subcategory,conditions,department,supporting_departments,urgency,priority,escalation_level,policy_id,policy_section,allowed_compensation,required_actions,prohibited_actions,follow_up_days,description
RR-001,DELIVERY,DELAYED_DELIVERY,"",LOGISTICS,"",Medium,P2,none,DEL-POL,2.1,none,"Check courier tracking status;Give the customer an updated delivery estimate within 1 business day","Guarantee a delivery date the courier has not confirmed;Offer compensation for delays of 5 business days or less",2,"Standard late delivery"
RR-002,DELIVERY,DELAYED_DELIVERY,"min_days_late=6",LOGISTICS,"",Medium,P2,none,DEL-POL,2.2,shipping_fee_refund,"Check courier tracking status;Refund the shipping fee;Give the customer an updated delivery estimate","Offer vouchers or compensation beyond the shipping fee refund",2,"More than 5 business days late: shipping fee refund"
RR-003,DELIVERY,DELAYED_DELIVERY,"min_days_late=11",LOGISTICS,"",High,P1,supervisor,DEL-POL,2.3,shipping_fee_refund;full_refund,"Refund the shipping fee;Offer order cancellation with a full refund;Send to Supervisor Review","Guarantee a delivery date the courier has not confirmed",1,"More than 10 business days late"
RR-004,DELIVERY,DELAYED_DELIVERY,"keywords_any=express|express delivery|express shipping|next day",LOGISTICS,"",Medium,P2,none,DEL-POL,1.2,shipping_fee_refund,"Check courier tracking status;Refund the express shipping fee if delivery was late","Offer compensation beyond the express shipping fee",2,"Late express delivery"
RR-005,DELIVERY,DELAYED_DELIVERY,"min_previous_complaints=2",LOGISTICS,"",High,P1,supervisor,CMP-POL,4.2,shipping_fee_refund,"Link to the previous complaint;Check courier tracking status;Assign a named contact","Close the complaint without the customer's confirmation",1,"Repeated late-delivery complaint"
RR-006,DELIVERY,LOST_PARCEL,"",LOGISTICS,"",High,P1,none,DEL-POL,3.1,none,"Open a courier investigation;Confirm when the tracking last updated","Declare the parcel lost before 7 business days without tracking updates;Promise a replacement before the parcel is declared lost",2,"Possible lost parcel"
RR-007,DELIVERY,LOST_PARCEL,"min_days_late=7",LOGISTICS,"",High,P1,none,DEL-POL,3.2,replacement;full_refund,"Declare the parcel lost;Offer a free replacement shipment or a full refund","Charge the customer for the replacement shipment",2,"No tracking update for 7+ business days"
RR-008,DELIVERY,LOST_PARCEL,"keywords_any=marked as delivered|says delivered|shows delivered",LOGISTICS,"",Medium,P2,none,DEL-POL,3.3,none,"Request proof of delivery from the courier within 2 business days;Ask the customer to check with neighbours and safe places","Accuse the customer of lying;Promise a refund before the courier investigation",2,"Marked delivered but not received"
RR-009,DELIVERY,LOST_PARCEL,"min_amount=500",LOGISTICS,"",High,P1,department_manager,DEL-POL,3.1,none,"Open a courier investigation;Escalate to the Department Manager as a high-value dispute","Promise a replacement before the parcel is declared lost",1,"High-value lost parcel"
RR-010,DELIVERY,DAMAGED_IN_TRANSIT,"max_days_since_delivery=7",LOGISTICS,"RETURNS",Medium,P2,none,DEL-POL,4.1,replacement;full_refund,"Request photos of the device and packaging;Arrange a free return pickup;Offer a replacement or a full refund including shipping","Charge a restocking fee for transit damage",3,"Transit damage reported within 7 days"
RR-011,DELIVERY,DAMAGED_IN_TRANSIT,"min_days_since_delivery=8",LOGISTICS,"",Low,P3,supervisor,DEL-POL,4.3,none,"Request photos of the device and packaging;Explain the 7-day reporting limit;Send to Supervisor Review for a possible exception","Promise a replacement or refund for a late damage report",3,"Transit damage reported late"
RR-012,DELIVERY,DAMAGED_IN_TRANSIT,"min_amount=500;max_days_since_delivery=7",LOGISTICS,"RETURNS",High,P1,department_manager,DEL-POL,4.1,replacement;full_refund,"Request photos of the device and packaging;Escalate the high-value damage claim to the Department Manager","Charge a restocking fee for transit damage",2,"High-value transit damage"
RR-013,DELIVERY,WRONG_ITEM,"max_days_since_delivery=14",LOGISTICS,"",Medium,P2,none,DEL-POL,4.2,replacement,"Arrange a free return pickup;Ship the correct item at no cost","Charge the customer for the return",3,"Wrong item reported within 14 days"
RR-014,DELIVERY,WRONG_ITEM,"min_days_since_delivery=15",LOGISTICS,"",Low,P3,supervisor,DEL-POL,4.3,none,"Verify the order record;Send to Supervisor Review","Promise a free exchange after the 14-day limit",3,"Wrong item reported late"
RR-015,DELIVERY,WRONG_ITEM,"min_previous_complaints=2",LOGISTICS,"",High,P1,supervisor,CMP-POL,4.2,replacement,"Link to the previous complaint;Arrange a free return pickup;Ship the correct item by express at no cost","Charge the customer for the return",1,"Repeated wrong-item complaint"
RR-016,BILLING,DUPLICATE_CHARGE,"",BILLING,"",Medium,P2,none,BIL-POL,3.1,full_refund,"Verify both transactions in the payment system;Refund the duplicate charge to the original payment method within 5 business days","Refund to a different card or account;Promise the refund before verifying both transactions",5,"Duplicate charge"
RR-017,BILLING,DUPLICATE_CHARGE,"min_amount=500",BILLING,"",High,P1,department_manager,BIL-POL,3.4,full_refund,"Verify both transactions in the payment system;Refund the duplicate charge to the original payment method;Notify the Billing Department Manager","Refund to a different card or account",3,"High-value duplicate charge"
RR-018,BILLING,DUPLICATE_CHARGE,"min_previous_complaints=2",BILLING,"",High,P1,supervisor,CMP-POL,4.2,full_refund,"Link to the previous complaint;Verify both transactions in the payment system;Refund the duplicate charge","Refund to a different card or account",2,"Repeated duplicate-charge complaint"
RR-019,BILLING,INCORRECT_CHARGE,"",BILLING,"",Medium,P2,none,BIL-POL,3.2,partial_refund,"Compare the charge with the order invoice;Refund the difference if the charge is wrong","Promise a refund before checking the invoice",5,"Incorrect charge"
RR-020,BILLING,INCORRECT_CHARGE,"keywords_any=price drop|price match|cheaper now",BILLING,"",Low,P3,none,BIL-POL,3.3,none,"Explain that later price changes are not refunded","Refund the price difference for a later price drop",0,"Price drop after purchase"
RR-021,BILLING,INCORRECT_CHARGE,"min_amount=500",BILLING,"",High,P1,department_manager,BIL-POL,3.4,partial_refund,"Compare the charge with the order invoice;Escalate to the Department Manager","Promise a refund before checking the invoice",3,"High-value incorrect charge"
RR-022,BILLING,INCORRECT_CHARGE,"min_previous_complaints=2",BILLING,"",High,P1,supervisor,CMP-POL,4.2,partial_refund,"Link to the previous complaint;Compare the charge with the order invoice","Promise a refund before checking the invoice",2,"Repeated incorrect-charge complaint"
RR-023,BILLING,UNEXPECTED_RENEWAL,"max_days_since_purchase=14",BILLING,"",Medium,P2,none,SUB-TERMS,4.2,full_refund,"Confirm the renewal date and amount;Refund the renewal charge;Cancel the subscription if the customer asks","Refuse a refund requested within 14 days of renewal",3,"Renewal disputed within 14 days"
RR-024,BILLING,UNEXPECTED_RENEWAL,"min_days_since_purchase=15",BILLING,"",Low,P3,none,SUB-TERMS,4.3,none,"Explain the 14-day renewal refund limit;Offer cancellation at the end of the current term","Refund a renewal charge after 14 days without supervisor approval",0,"Renewal disputed after 14 days"
RR-025,BILLING,UNEXPECTED_RENEWAL,"keywords_any=no reminder|never got a reminder|didn't get a reminder|did not get a reminder",BILLING,"",Medium,P2,none,SUB-TERMS,4.1,full_refund,"Check whether the 7-day renewal reminder was sent;Refund the renewal if no reminder was sent","Refuse a refund without checking the reminder log",3,"Renewal without reminder"
RR-026,BILLING,INVOICE_ERROR,"",BILLING,"",Low,P3,none,BIL-POL,4.1,none,"Issue a corrected invoice within 5 business days","Change the amount charged without Billing approval",5,"Invoice error"
RR-027,BILLING,INVOICE_ERROR,"customer_types=business",BILLING,"",Medium,P2,none,BIL-POL,4.2,none,"Issue a corrected VAT invoice within 2 business days","Change the amount charged without Billing approval",2,"Business invoice error"
RR-028,BILLING,INVOICE_ERROR,"min_previous_complaints=2",BILLING,"",Medium,P2,supervisor,CMP-POL,4.2,none,"Link to the previous complaint;Issue a corrected invoice","Change the amount charged without Billing approval",2,"Repeated invoice error"
RR-029,REFUND,REFUND_DELAY,"",RETURNS,"",Medium,P2,none,REF-POL,3.1,none,"Confirm the returned device was received and inspected;Check the refund transaction status;Tell the customer when the refund will be issued","Promise a refund date not supported by policy;Issue the refund to a different payment method",2,"Refund delay"
RR-030,REFUND,REFUND_DELAY,"min_days_late=5",RETURNS,"",High,P1,supervisor,REF-POL,3.1,none,"Check the refund transaction status;Send to Supervisor Review;Give daily updates until the refund is paid","Promise a refund date not supported by policy",1,"Refund more than 5 business days overdue"
RR-031,REFUND,REFUND_DELAY,"min_amount=500",RETURNS,"BILLING",High,P1,department_manager,BIL-POL,3.4,none,"Check the refund transaction status;Escalate to the Department Manager","Promise a refund date not supported by policy",1,"High-value refund delay"
RR-032,REFUND,REFUND_DELAY,"min_previous_complaints=2",RETURNS,"",High,P1,supervisor,CMP-POL,4.2,none,"Link to the previous complaint;Check the refund transaction status;Assign a named contact","Promise a refund date not supported by policy",1,"Repeated refund-delay complaint"
RR-033,REFUND,REFUND_DENIED,"max_days_since_delivery=30",RETURNS,"",Medium,P2,none,REF-POL,2.1,full_refund;partial_refund,"Review why the refund was denied;Re-check eligibility against the 30-day return window and product condition","Promise a refund before the returned device is inspected",3,"Refund denied inside the return window"
RR-034,REFUND,REFUND_DENIED,"min_days_since_delivery=31",RETURNS,"CUSTOMER_RELATIONS",Low,P3,supervisor,REF-POL,4.2,none,"Explain the 30-day return window;Send the exception request to a Customer Relations manager","Approve a refund outside the 30-day window without manager approval;Promise a refund",3,"Refund requested outside the return window (policy exception)"
RR-035,REFUND,REFUND_DENIED,"min_amount=500",RETURNS,"",High,P1,department_manager,BIL-POL,3.4,full_refund;partial_refund,"Review why the refund was denied;Escalate to the Department Manager","Promise a refund before the returned device is inspected",2,"High-value refund dispute"
RR-036,REFUND,PARTIAL_REFUND,"",RETURNS,"",Low,P3,none,REF-POL,2.2,none,"Explain the 10 percent restocking fee for opened devices","Waive the restocking fee without approval",0,"Partial refund due to restocking fee"
RR-037,REFUND,PARTIAL_REFUND,"keywords_any=damaged|arrived damaged|dead on arrival|arrived broken",RETURNS,"",Medium,P2,none,REF-POL,2.3,full_refund,"Confirm the device was damaged or dead on arrival;Refund the restocking fee and shipping charges","Keep a restocking fee on a damaged or dead-on-arrival device",3,"Restocking fee charged on damaged device"
RR-038,PRODUCT_DEFECT,DEAD_ON_ARRIVAL,"max_days_since_delivery=7",RETURNS,"",Medium,P2,none,RET-POL,2.1,replacement;full_refund,"Confirm the device does not power on with the supplied adapter;Arrange a free return pickup;Offer a replacement or a full refund","Ask the customer to open the device;Charge a restocking fee",3,"Dead on arrival within 7 days"
RR-039,PRODUCT_DEFECT,DEAD_ON_ARRIVAL,"min_days_since_delivery=8",WARRANTY,"",Medium,P2,none,RET-POL,2.2,repair;replacement,"Collect the device serial number;Create a warranty repair order","Offer a refund for a warranty case",5,"Dead on arrival reported after 7 days (warranty)"
RR-040,PRODUCT_DEFECT,DEAD_ON_ARRIVAL,"keywords_any=replacement is also dead|replacement also doesn't work|second one is also dead|this is the second one",RETURNS,"WARRANTY",High,P1,supervisor,RET-POL,4.1,full_refund,"Offer a full refund instead of another replacement;Report the batch to Warranty for quality review","Send a further replacement without supervisor approval",2,"Replacement also dead on arrival"
RR-041,PRODUCT_DEFECT,HARDWARE_MALFUNCTION,"max_days_since_purchase=365",WARRANTY,"",Medium,P2,none,WAR-POL,2.1,repair;replacement,"Collect the device serial number;Run basic diagnostics with the customer;Create a warranty repair order","Ask the customer to open the device;Promise a replacement before technician assessment",5,"Malfunction within 12-month warranty"
RR-042,PRODUCT_DEFECT,HARDWARE_MALFUNCTION,"min_days_since_purchase=366",WARRANTY,"",Low,P3,none,WAR-POL,2.3,none,"Explain the 12-month warranty period;Offer a paid repair quote","Offer a free repair outside warranty",0,"Malfunction outside warranty"
RR-043,PRODUCT_DEFECT,HARDWARE_MALFUNCTION,"customer_types=premium;min_days_since_purchase=366;max_days_since_purchase=1095",WARRANTY,"",Medium,P2,none,WAR-POL,2.4,repair;replacement,"Confirm the LumoraCare+ subscription is active;Create an extended-protection repair order","Charge for a repair covered by extended protection",5,"LumoraCare+ extended protection"
RR-044,PRODUCT_DEFECT,HARDWARE_MALFUNCTION,"products=Smart Lock",WARRANTY,"ACCOUNT_SECURITY",High,P1,none,WAR-POL,2.1,repair;replacement,"Advise the customer to use the physical key or keypad;Create a priority warranty repair order","Ask the customer to disassemble the lock",2,"Smart Lock malfunction"
RR-045,PRODUCT_DEFECT,HARDWARE_MALFUNCTION,"min_previous_complaints=2",WARRANTY,"",High,P1,supervisor,CMP-POL,4.2,repair;replacement,"Link to the previous complaint;Create a priority warranty repair order","Ask the customer to open the device",2,"Repeated malfunction complaint"
RR-046,PRODUCT_DEFECT,MISSING_PARTS,"max_days_since_delivery=14",LOGISTICS,"",Low,P3,none,RET-POL,2.3,replacement,"Confirm which part is missing;Ship the missing part free of charge","Ask the customer to return the whole device for a missing accessory",5,"Missing part reported within 14 days"
RR-047,PRODUCT_DEFECT,MISSING_PARTS,"min_days_since_delivery=15",LOGISTICS,"",Low,P3,none,RET-POL,2.4,none,"Explain the 14-day reporting limit;Offer the part for purchase","Ship parts free after 14 days without supervisor approval",0,"Missing part reported late"
RR-048,WARRANTY,CLAIM_REJECTED,"",WARRANTY,"",Medium,P2,none,WAR-POL,3.2,none,"Review the rejection reason;Check the purchase date and serial number;Offer one technician review of the claim","Overturn the rejection without a technician review",5,"Warranty claim rejected"
RR-049,WARRANTY,CLAIM_REJECTED,"keywords_any=water damage|dropped|fell|cracked screen|physical damage|opened the device",WARRANTY,"",Low,P3,none,WAR-POL,4.1,none,"Explain the warranty exclusions;Offer a paid repair quote","Approve a free repair for excluded damage",0,"Rejected for excluded damage"
RR-050,WARRANTY,CLAIM_REJECTED,"min_previous_complaints=2",WARRANTY,"",High,P1,supervisor,WAR-POL,3.2,none;repair,"Link to the previous complaint;Send to Supervisor Review for a final decision","Overturn the rejection without a technician review",2,"Repeated warranty dispute"
RR-051,WARRANTY,CLAIM_REJECTED,"min_amount=500",WARRANTY,"",High,P1,department_manager,WAR-POL,3.2,none;repair,"Review the rejection reason;Escalate to the Department Manager","Overturn the rejection without a technician review",2,"High-value warranty dispute"
RR-052,WARRANTY,REPAIR_DELAY,"",WARRANTY,"",Medium,P2,none,WAR-POL,3.3,none,"Check the repair order status;Give the customer an updated completion date","Promise a completion date the repair centre has not confirmed",3,"Repair taking long"
RR-053,WARRANTY,REPAIR_DELAY,"min_days_late=5",WARRANTY,"",High,P1,none,WAR-POL,3.4,replacement,"Offer a replacement device because the repair exceeded 15 business days","Ask the customer to keep waiting without a replacement offer",2,"Repair beyond 15 business days"
RR-054,WARRANTY,REPAIR_DELAY,"min_previous_complaints=2",WARRANTY,"",High,P1,supervisor,CMP-POL,4.2,replacement,"Link to the previous complaint;Offer a replacement device","Promise a completion date the repair centre has not confirmed",1,"Repeated repair-delay complaint"
RR-055,WARRANTY,REPLACEMENT_REQUEST,"",WARRANTY,"",Low,P3,none,WAR-POL,3.1,repair;replacement,"Arrange a technician assessment;Replace the device only if repair is not possible","Promise a replacement before technician assessment",5,"Replacement requested"
RR-056,WARRANTY,REPLACEMENT_REQUEST,"keywords_any=second replacement|already replaced|replaced before|another replacement",WARRANTY,"",Medium,P2,supervisor,WAR-POL,3.5,repair,"Check the replacement history;Send to Supervisor Review","Approve a second replacement without supervisor approval",3,"Second replacement requested"
RR-057,WARRANTY,REPLACEMENT_REQUEST,"min_days_since_purchase=366",WARRANTY,"",Low,P3,none,WAR-POL,2.3,none,"Explain that the warranty has ended;Offer a paid repair quote","Promise a free replacement outside warranty",0,"Replacement requested outside warranty"
RR-058,TECH_SUPPORT,APP_CONNECTIVITY,"",TECH_SUPPORT,"",Low,P3,none,TEC-SOP,2.1,none,"Check the Lumora service status page;Ask the customer to update the app and restart the hub","Ask the customer to open the device",2,"App connectivity problem"
RR-059,TECH_SUPPORT,APP_CONNECTIVITY,"products=Smart Lock",TECH_SUPPORT,"ACCOUNT_SECURITY",High,P1,none,TEC-SOP,2.4,none,"Confirm the customer can use the physical key or keypad;Restore the lock connection as a priority","Tell the customer to leave the door unlocked",1,"Smart Lock offline"
RR-060,TECH_SUPPORT,APP_CONNECTIVITY,"keywords_any=outage|all my devices|service down|servers down|everyone",TECH_SUPPORT,"",Medium,P2,none,TEC-SOP,2.3,none,"Check the Lumora service status page;Inform the customer about the outage and the expected fix time","Make the customer troubleshoot during a known outage",1,"Possible service outage"
RR-061,TECH_SUPPORT,APP_CONNECTIVITY,"min_previous_complaints=2",TECH_SUPPORT,"",Medium,P2,supervisor,TEC-SOP,2.5,none,"Link to the previous complaint;Assign a senior technical specialist","Repeat the same basic troubleshooting steps",2,"Repeated connectivity problem"
RR-062,TECH_SUPPORT,FIRMWARE_UPDATE_FAILURE,"",TECH_SUPPORT,"",Medium,P2,none,TEC-SOP,3.1,none,"Confirm the current firmware version;Guide the customer through a manual update","Ask the customer to open the device",2,"Firmware update failed"
RR-063,TECH_SUPPORT,FIRMWARE_UPDATE_FAILURE,"keywords_any=bricked|won't turn on|will not turn on|doesn't turn on|dead after the update",WARRANTY,"TECH_SUPPORT",Medium,P2,none,TEC-SOP,3.2,replacement,"Confirm the device stopped working after the update;Create a warranty replacement order","Charge for a device disabled by our update",3,"Device disabled by firmware update"
RR-064,TECH_SUPPORT,FIRMWARE_UPDATE_FAILURE,"min_previous_complaints=2",TECH_SUPPORT,"",High,P1,supervisor,TEC-SOP,2.5,none,"Link to the previous complaint;Assign a senior technical specialist","Repeat the same basic troubleshooting steps",2,"Repeated firmware problem"
RR-065,TECH_SUPPORT,DEVICE_PAIRING,"",TECH_SUPPORT,"",Low,P3,none,TEC-SOP,2.2,none,"Confirm the hub and device are on the same 2.4 GHz Wi-Fi network;Reset and re-pair the device","Ask the customer to open the device",2,"Pairing problem"
RR-066,TECH_SUPPORT,DEVICE_PAIRING,"min_previous_complaints=2",TECH_SUPPORT,"",Medium,P2,supervisor,TEC-SOP,2.5,none,"Link to the previous complaint;Assign a senior technical specialist","Repeat the same basic troubleshooting steps",2,"Repeated pairing problem"
RR-067,INSTALLATION,MISSED_APPOINTMENT,"",INSTALLATION,"",Medium,P2,none,INS-POL,3.1,fee_waiver,"Apologise for the missed appointment;Reschedule within 3 business days;Waive the installation fee","Charge the installation fee for a missed appointment",3,"Technician missed appointment"
RR-068,INSTALLATION,MISSED_APPOINTMENT,"customer_types=premium",INSTALLATION,"",Medium,P2,none,INS-POL,3.3,fee_waiver,"Apologise for the missed appointment;Rebook within 1 business day;Waive the installation fee","Charge the installation fee for a missed appointment",1,"Missed appointment for LumoraCare+ customer"
RR-069,INSTALLATION,MISSED_APPOINTMENT,"min_previous_complaints=1",INSTALLATION,"",High,P1,supervisor,INS-POL,3.1,fee_waiver,"Link to the previous complaint;Assign a guaranteed appointment slot;Waive the installation fee","Charge the installation fee for a missed appointment",1,"Appointment missed again"
RR-070,INSTALLATION,FAULTY_INSTALLATION,"",INSTALLATION,"",Medium,P2,none,INS-POL,4.1,repair,"Book a free revisit within 5 business days","Charge for correcting our own installation",5,"Faulty installation"
RR-071,INSTALLATION,FAULTY_INSTALLATION,"keywords_any=damaged my wall|wall damage|water leak|flooded|property damage|broke my",INSTALLATION,"MANAGEMENT",High,P1,department_manager,INS-POL,4.2,none,"Record photos of the damage;Escalate the property damage claim to the Department Manager","Admit liability for property damage;Promise compensation",2,"Property damaged during installation"
RR-072,INSTALLATION,FAULTY_INSTALLATION,"keywords_any=exposed wire|exposed wires|live wire|sparks|burning smell|tripping the breaker|breaker keeps tripping",PRODUCT_SAFETY,"INSTALLATION",Critical,P0,specialist_team,INS-POL,4.3,none,"Advise the customer to switch off power at the breaker;Escalate to Product Safety within 1 hour","Ask the customer to fix the wiring;Admit liability",1,"Electrical hazard after installation"
RR-073,SUBSCRIPTION,CANCELLATION_ISSUE,"",BILLING,"",Medium,P2,none,CAN-POL,3.1,none,"Cancel the subscription in the billing system;Send a cancellation confirmation","Require the customer to phone to cancel;Continue billing after cancellation",2,"Cannot cancel subscription"
RR-074,SUBSCRIPTION,CANCELLATION_ISSUE,"keywords_any=still charged after cancel|charged after cancelling|charged after i cancelled|charged after i canceled|charged again",BILLING,"",High,P1,none,CAN-POL,3.3,full_refund,"Confirm the cancellation date;Refund all charges made after the cancellation date","Refuse to refund charges made after cancellation",3,"Charged after cancelling"
RR-075,SUBSCRIPTION,CANCELLATION_ISSUE,"min_previous_complaints=2",BILLING,"",High,P1,supervisor,CMP-POL,4.2,full_refund,"Link to the previous complaint;Cancel the subscription immediately;Refund any charges after the cancellation request","Require the customer to phone to cancel",1,"Repeated cancellation problem"
RR-076,SUBSCRIPTION,PLAN_CHANGE,"",BILLING,"",Low,P3,none,SUB-TERMS,3.1,none,"Apply the upgrade immediately and prorate the charge","Charge the full new price without prorating",0,"Plan upgrade"
RR-077,SUBSCRIPTION,PLAN_CHANGE,"keywords_any=downgrade|downgrading",BILLING,"",Low,P3,none,SUB-TERMS,3.2,none,"Schedule the downgrade for the next billing cycle;Explain that no partial refund is given","Refund part of the current billing period for a downgrade",0,"Plan downgrade"
RR-078,SUBSCRIPTION,FEATURE_UNAVAILABLE,"",TECH_SUPPORT,"",Medium,P2,none,SUB-TERMS,5.1,none,"Check the subscription is active on the account;Verify cloud recording is enabled for the camera","Promise a credit before confirming an outage",2,"Subscription feature not working"
RR-079,SUBSCRIPTION,FEATURE_UNAVAILABLE,"keywords_any=outage|down for|days without|not working for days",TECH_SUPPORT,"BILLING",Medium,P2,none,SUB-TERMS,5.2,subscription_credit,"Confirm the outage lasted more than 24 hours;Apply one month of subscription credit","Offer cash compensation for an outage",2,"Subscription outage over 24 hours"
RR-080,SUBSCRIPTION,FEATURE_UNAVAILABLE,"min_previous_complaints=2",TECH_SUPPORT,"",High,P1,supervisor,CMP-POL,4.2,subscription_credit,"Link to the previous complaint;Assign a senior technical specialist","Offer cash compensation for an outage",1,"Repeated subscription feature problem"
RR-081,ACCOUNT_SECURITY,ACCOUNT_LOCKED,"",ACCOUNT_SECURITY,"",Medium,P2,none,SEC-POL,2.1,none,"Verify the customer's identity with two factors;Unlock the account and force a password reset","Unlock the account without identity verification;Ask the customer for their password",1,"Account locked"
RR-082,ACCOUNT_SECURITY,ACCOUNT_LOCKED,"products=Smart Lock|Video Doorbell",ACCOUNT_SECURITY,"",High,P1,none,SEC-POL,2.2,none,"Verify the customer's identity with two factors;Restore access as a priority;Remind the customer about the physical key or keypad","Unlock the account without identity verification;Ask the customer for their password",1,"Locked out with home-access device"
RR-083,ACCOUNT_SECURITY,ACCOUNT_LOCKED,"keywords_any=locked out of my home|locked out of my house|can't open my door|cannot open my door|can't get into my house",ACCOUNT_SECURITY,"TECH_SUPPORT",High,P1,none,SEC-POL,2.2,none,"Verify the customer's identity with two factors;Restore access as a priority;Remind the customer about the physical key or keypad","Unlock the account without identity verification;Ask the customer for their password",1,"Customer locked out of home"
RR-084,ACCOUNT_SECURITY,UNAUTHORIZED_ACCESS,"",ACCOUNT_SECURITY,"PRIVACY",Critical,P0,compliance_review,SEC-POL,3.1,none,"Lock the account immediately;Revoke all active sessions;Force a password reset;Review the login history","Ask the customer for their password;Downplay the incident",1,"Unauthorized account access"
RR-085,ACCOUNT_SECURITY,UNAUTHORIZED_ACCESS,"keywords_any=camera|footage|live feed|watching",ACCOUNT_SECURITY,"PRIVACY",Critical,P0,compliance_review,PRV-POL,4.1,none,"Lock the account immediately;Disable all camera sharing links;Notify the Privacy team within 1 hour","Ask the customer for their password;Downplay the incident",1,"Unauthorized access to cameras"
RR-086,ACCOUNT_SECURITY,UNAUTHORIZED_ORDER,"",ACCOUNT_SECURITY,"BILLING",High,P1,supervisor,SEC-POL,3.2,full_refund,"Cancel the order if it has not shipped;Secure the account and force a password reset;Refund the order after verification","Refund before verifying the order was unauthorized;Ask the customer for their password",2,"Unauthorized order"
RR-087,ACCOUNT_SECURITY,UNAUTHORIZED_ORDER,"min_amount=500",ACCOUNT_SECURITY,"BILLING",Critical,P0,department_manager,SEC-POL,3.2,full_refund,"Cancel the order if it has not shipped;Secure the account and force a password reset;Escalate to the Department Manager","Refund before verifying the order was unauthorized;Ask the customer for their password",1,"High-value unauthorized order"
RR-088,PRIVACY,FOOTAGE_EXPOSURE,"",PRIVACY,"ACCOUNT_SECURITY",Critical,P0,compliance_review,PRV-POL,4.1,none,"Disable all camera sharing links;Preserve the access logs;Notify the Privacy team within 1 hour;Inform the customer within 72 hours","Downplay the exposure;Promise compensation;Delete the access logs",1,"Camera footage exposed"
RR-089,PRIVACY,FOOTAGE_EXPOSURE,"keywords_any=child|children|kid|kids|bedroom|bathroom",PRIVACY,"ACCOUNT_SECURITY;MANAGEMENT",Critical,P0,critical_management,PRV-POL,4.1,none,"Disable all camera sharing links;Preserve the access logs;Notify the Privacy team within 1 hour;Inform the customer within 72 hours","Downplay the exposure;Promise compensation;Delete the access logs",1,"Sensitive footage exposed"
RR-090,PRIVACY,DATA_DELETION_REQUEST,"",PRIVACY,"",Medium,P2,none,DRT-POL,3.1,none,"Verify the customer's identity;Log the deletion request;Confirm the deletion within 30 days","Refuse deletion without a legal retention reason;Delete invoice records required by law",7,"Data deletion request"
RR-091,PRIVACY,DATA_DELETION_REQUEST,"min_previous_complaints=1",PRIVACY,"",High,P1,compliance_review,DRT-POL,3.3,none,"Check why the earlier deletion request was not completed;Complete the deletion as a priority","Refuse deletion without a legal retention reason",2,"Overdue deletion request"
RR-092,PRIVACY,UNWANTED_MARKETING,"",PRIVACY,"",Low,P3,none,PRV-POL,5.1,none,"Unsubscribe the customer from all marketing within 2 business days","Keep sending marketing after the opt-out",0,"Unwanted marketing"
RR-093,PRIVACY,UNWANTED_MARKETING,"min_previous_complaints=1",PRIVACY,"",Medium,P2,compliance_review,PRV-POL,5.2,none,"Unsubscribe the customer immediately;Report the opt-out failure to Compliance","Keep sending marketing after the opt-out",3,"Repeated marketing complaint"
RR-094,PRIVACY,UNWANTED_MARKETING,"keywords_any=unsubscribed|already unsubscribed|opted out|asked you to stop",PRIVACY,"",Medium,P2,compliance_review,PRV-POL,5.2,none,"Unsubscribe the customer immediately;Report the opt-out failure to Compliance","Keep sending marketing after the opt-out",3,"Marketing after opt-out"
RR-095,SAFETY,OVERHEATING,"",PRODUCT_SAFETY,"",Critical,P0,specialist_team,SAF-POL,2.1,none,"Advise the customer to stop using and unplug the device;Escalate to Product Safety within 1 hour;Record the device serial number","Ask the customer to troubleshoot or open the device;Admit liability;Promise compensation",1,"Overheating or burning smell"
RR-096,SAFETY,OVERHEATING,"products=Smart Plug|Lumora Hub",PRODUCT_SAFETY,"",Critical,P0,specialist_team,SAF-POL,4.1,none,"Advise the customer to stop using and unplug the device;Escalate to Product Safety within 1 hour;Check whether the serial number is part of an active recall","Ask the customer to troubleshoot or open the device;Admit liability;Promise compensation",1,"Overheating plug or hub (recall check)"
RR-097,SAFETY,ELECTRIC_SHOCK,"",PRODUCT_SAFETY,"",Critical,P0,specialist_team,SAF-POL,2.1,none,"Ask whether anyone was injured and advise medical attention if needed;Advise the customer to stop using the device and switch off power at the breaker;Escalate to Product Safety within 1 hour","Ask the customer to troubleshoot or open the device;Admit liability;Promise compensation",1,"Electric shock"
RR-098,SAFETY,ELECTRIC_SHOCK,"keywords_any=injured|injury|hospital|burn|burns|doctor|ambulance",PRODUCT_SAFETY,"MANAGEMENT",Critical,P0,critical_management,SAF-POL,2.3,none,"Ask whether anyone was injured and advise medical attention if needed;Advise the customer to stop using the device and switch off power at the breaker;Escalate to Critical Management immediately","Ask the customer to troubleshoot or open the device;Admit liability;Promise compensation",1,"Electric shock with injury"
RR-099,SAFETY,SMOKE_FIRE,"",PRODUCT_SAFETY,"MANAGEMENT",Critical,P0,critical_management,SAF-POL,2.2,none,"Advise the customer to leave the area and call emergency services if there is fire;Advise the customer to switch off power at the breaker if it is safe;Escalate to Product Safety within 1 hour","Ask the customer to troubleshoot or open the device;Admit liability;Promise compensation",1,"Smoke or fire"
RR-100,SERVICE_QUALITY,STAFF_BEHAVIOUR,"",CUSTOMER_RELATIONS,"",Medium,P2,supervisor,CMP-POL,5.1,none,"Apologise to the customer;Record the staff member, date and channel;Forward the case to the team supervisor","Blame the customer;Share the staff member's personal details",5,"Staff behaviour complaint"
RR-101,SERVICE_QUALITY,STAFF_BEHAVIOUR,"keywords_any=threatened me|harassed|harassment|discriminated|discrimination|racist|sexist|abusive|assaulted",CUSTOMER_RELATIONS,"MANAGEMENT",High,P1,department_manager,CMP-POL,5.2,none,"Apologise to the customer;Record the staff member, date and channel;Escalate to the Department Manager","Blame the customer;Share the staff member's personal details",2,"Serious staff misconduct"
RR-102,SERVICE_QUALITY,UNRESOLVED_PREVIOUS,"",CUSTOMER_RELATIONS,"",High,P1,supervisor,CMP-POL,4.2,none,"Link the complaint to the previous complaint;Review why the first resolution failed;Assign a named contact","Close the complaint without the customer's confirmation",2,"Previous complaint not resolved"
RR-103,SERVICE_QUALITY,UNRESOLVED_PREVIOUS,"min_previous_complaints=2",CUSTOMER_RELATIONS,"",High,P1,department_manager,CMP-POL,4.3,none,"Link the complaint to all previous complaints;Escalate to the Department Manager;Assign a named contact","Close the complaint without the customer's confirmation",1,"Third complaint about the same issue"
RR-104,SERVICE_QUALITY,POOR_COMMUNICATION,"",CUSTOMER_RELATIONS,"",Low,P3,none,CMP-POL,3.1,none,"Acknowledge the communication gap;Provide a single named contact;Send updates at least every 2 business days","Promise an outcome to make up for slow replies",2,"Poor communication"
RR-105,SERVICE_QUALITY,POOR_COMMUNICATION,"customer_types=business",CUSTOMER_RELATIONS,"",Medium,P2,none,CMP-POL,3.2,none,"Acknowledge the communication gap;Assign a dedicated business account contact","Promise an outcome to make up for slow replies",2,"Poor communication with business customer"
RR-106,SERVICE_QUALITY,POOR_COMMUNICATION,"min_previous_complaints=2",CUSTOMER_RELATIONS,"",Medium,P2,supervisor,CMP-POL,4.2,none,"Link to the previous complaint;Provide a single named contact;Send to Supervisor Review","Promise an outcome to make up for slow replies",2,"Repeated communication complaint"
RR-107,DELIVERY,DAMAGED_IN_TRANSIT,"",LOGISTICS,"",Medium,P2,none,DEL-POL,4.1,none,"Ask for the delivery date and photos of the damage;Check eligibility against the 7-day reporting limit","Promise a replacement or refund before eligibility is confirmed",2,"Transit damage, delivery date unknown"
RR-108,DELIVERY,WRONG_ITEM,"",LOGISTICS,"",Medium,P2,none,DEL-POL,4.2,none,"Ask for the order number and a photo of the item received;Check the 14-day reporting limit","Promise an exchange before checking the order",2,"Wrong item, delivery date unknown"
RR-109,BILLING,UNEXPECTED_RENEWAL,"",BILLING,"",Medium,P2,none,SUB-TERMS,4.2,none,"Confirm the renewal date and amount;Check whether the 14-day renewal refund window applies","Promise a refund before checking the renewal date",2,"Renewal dispute, renewal date unknown"
RR-110,REFUND,REFUND_DENIED,"",RETURNS,"",Medium,P2,none,REF-POL,2.1,none,"Ask for the order number and delivery date;Re-check eligibility against the 30-day return window","Promise a refund before eligibility is confirmed",2,"Refund dispute, delivery date unknown"
RR-111,PRODUCT_DEFECT,DEAD_ON_ARRIVAL,"",RETURNS,"",Medium,P2,none,RET-POL,2.1,none,"Ask for the order number and delivery date;Confirm the device does not power on with the supplied adapter","Ask the customer to open the device;Promise a refund before eligibility is confirmed",2,"Dead on arrival, delivery date unknown"
RR-112,PRODUCT_DEFECT,HARDWARE_MALFUNCTION,"",WARRANTY,"",Medium,P2,none,WAR-POL,2.1,none,"Ask for the purchase date and device serial number;Run basic diagnostics with the customer","Promise a free repair or replacement before checking the warranty",3,"Malfunction, purchase date unknown"
RR-113,PRODUCT_DEFECT,MISSING_PARTS,"",LOGISTICS,"",Low,P3,none,RET-POL,2.3,none,"Ask which part is missing and the delivery date","Promise a free part before checking the 14-day limit",3,"Missing part, delivery date unknown"
